Item Number,Item Name,Offsets (days),Offsets (days),Offsets (days),Offsets (days),Offsets (days),Item Description
,,In-House,Outsourced,In Stock,Treated,Untreated,
000,Nt3blpJTWB,7,6,0,3,10,Example from randomly generated items
001,GBOqdWz7uYcT5,5,11,0,3,10,Example from randomly generated items
002,jdoDuYsk34jRtNRvW,7,13,0,5,14,Example from randomly generated items
003,AxbpYe9aAZWfqP2,3,13,0,5,14,
004,JPvKD7rpq5237SBbg,3,10,0,7,10,
005,K6l65QfXkx0LHDm,2,3,0,5,10,
006,JKQCbOuqXP0jVkUO,5,3,0,7,8,
007,QVROWZMT6qTy,4,3,0,4,13,
008,UMyrOpjL600,3,13,0,3,13,
009,ei7U7ojPgm8N2Y1yecLR,2,4,0,3,7,
010,hDNpk8GrgHIC,5,11,0,3,12,
011,RAwndk5VmNc34DDAE,2,14,0,4,8,
012,IG6qMPEaZjgR,3,9,0,7,14,
013,VAmyWCzOHl,6,14,0,7,14,
014,VLYz9tk5pJbdyUw,2,14,0,6,8,
015,2uXCQegJKz59,4,10,0,5,11,
016,SuA3g1WzXHElen,4,6,0,2,9,
017,faNUDgKraTFla4PGb,7,8,0,2,10,
018,Kokp7gpr1Ngvt07X5,5,10,0,4,11,
019,TM7lvbk4sns,4,13,0,2,7,
020,1Xd0qbytsmanMBr,4,1,0,2,13,
021,QYQpBTI5RbkgOmx4,4,8,0,6,12,
022,GtE2AhyAyQE6PbdYsH6,2,1,0,4,12,
023,DszzT7OG29Kh8v,4,14,0,5,7,
024,mv3nUMphGlG,7,3,0,4,9,
025,kw2Utndgx9U,4,12,0,5,9,
026,cqU5baWy5M,2,1,0,4,13,
027,z2OAmMmMBWvDOd8S,5,9,0,7,14,
028,Fufe2ZtUjG9HX,5,5,0,6,10,
029,zDnhO2R8Pr34YnDNXzl,2,5,0,4,10,
030,Zei46z5R4HAR6,3,10,0,4,7,
031,UfeWGbGFG7F104Yibb,5,11,0,2,13,
032,4GV4cXWtPufBPv,4,12,0,2,13,
033,XctNHcClnWLGMlqKX,5,13,0,3,14,
034,DbTWYlOStVjt5i52Jv4,7,7,0,6,10,
035,dagRGXSdimuIPjOa,5,11,0,2,7,
036,Q9Iken7e59Iu3K5Rzfwa,3,8,0,4,11,
037,gMjAGEbXKRgcF,3,8,0,7,7,
038,NyQRJAgZocaqAIs2jDw,6,5,0,2,8,
039,zj3AeG5ElJb5W,3,8,0,5,12,
040,vHA8L35nrIw28,6,14,0,6,12,
041,NkEtt0mWT7424qRz,7,9,0,6,12,
042,nn0nMWNmzKaguK,7,14,0,6,12,
043,TNv8nIQEs4,5,11,0,6,13,
044,YTRKL7bqQH,4,13,0,3,11,
045,6zawRvQDIdThl,4,1,0,3,13,
046,4d6XgXCu0t,3,14,0,6,8,
047,l6noxnvBvrHhAy,3,5,0,3,10,
048,Okt1YIVZFiUZwAEQ,4,10,0,5,8,
049,XyJBfADODsjPgb,2,7,0,5,8,
050,4ZimoKeFPpyX3,3,13,0,2,13,
051,veGe730fGk55ST,4,6,0,7,7,
052,WZ9Hc5ZmlNe8,2,3,0,3,7,
053,bC9rLmTtZoa9pd5ZD,4,11,0,4,13,
054,oisPm0QXy11f0VGFyMn,6,9,0,2,9,
055,fzOg7qTDiAk8TtS,7,3,0,4,10,
056,Da9V1srGf5MeU,7,12,0,5,7,
057,jWQKsL816K9,6,8,0,3,14,
058,OilHX6OTSo,7,3,0,4,10,
059,QuJ1V7nJetul,5,2,0,3,7,
060,DS7sQ5OPhEQtCV,5,14,0,7,9,
061,4H9zRNqX3HTxni,4,3,0,2,9,
062,CHIV6GcTQe,5,11,0,7,9,
063,e1JAtggdv09m,7,11,0,5,14,
064,DtnuAipBmLOLj0ZY,7,9,0,2,9,
065,GjY6W66Xb6wXWU5GDZ,3,12,0,6,10,
066,2N29Sl5AtX,2,3,0,2,10,
067,59FBhnILYcgdcGGo8uu,2,9,0,6,7,
068,NBxlwCv1TtaG1lh7,3,11,0,4,13,
069,Cse9x8rFNDPRg,5,3,0,4,12,
070,MGpUE86vBPRcNMLk,2,11,0,4,7,
071,rX2mVSW9EjVcc3,7,13,0,5,7,
072,9Nvwseti3un7,3,1,0,5,7,
073,R1ngH5De9FwIFIsPruEE,4,2,0,2,14,
074,q1ltk5Pcp8LML,6,6,0,6,7,
075,KNMBQCy3BA5iZOWBCqFt,3,9,0,6,13,
076,xZrYyJCUxP7KI,6,2,0,3,12,
077,nGNKioaoP0k,5,3,0,6,14,
078,VCqNq0NGhNzS67h30,3,9,0,6,10,
079,1ErAoVLYqFCy4XTaVCN5,7,6,0,6,11,
080,xw2vRcV6IbEA3WElZd,6,14,0,7,11,
081,LBCpGqOzg70g2j,6,9,0,6,9,
082,4RbLfBGMH4,3,13,0,4,7,
083,JOJJPfoedVl9m9Z,6,3,0,2,7,
084,XlDKD3bmTLRp9,4,8,0,4,13,
085,aCprfvbtQ8lnJ,4,14,0,6,14,
086,SIrY6ZGUCMuEFZV3tQbw,6,14,0,4,7,
087,1EjCkdoyXWFvy,4,14,0,5,7,
088,qL5ed1pxhi,4,13,0,6,14,
089,xbrPkKwrZ3N,4,12,0,2,9,
090,r3eK6nmHFdDDoNhB0OB,6,10,0,5,10,
091,vsOqejN5NpvI,3,5,0,4,13,
092,HqRf2VrlKA8FNoTsj,5,3,0,2,14,
093,gHmB56F7YnP,2,7,0,4,7,
094,S99M61cKx4UQwDWznb,3,13,0,7,13,
095,TJv7IthsAWSzqv,5,8,0,7,12,
096,ot3BrLaYhQXK26TW,3,8,0,7,14,
097,bb2aQcTcn8J2P7cQelk4,2,6,0,2,10,
098,BcQCVtrfIqwgxS,4,11,0,4,9,
099,k3k6SovwB8Udh7dOM00S,7,5,0,7,10,
100,MzHDFXyPY6hAMz4J,5,2,0,6,14,
101,OsEA9yD3JV,6,6,0,6,10,
102,MQrIFtc2nCyZ6LrIi,3,2,0,3,14,
103,VkQep85pkJrIgwY7YVM,7,10,0,6,9,
104,xQvin0wGQvuSsYC,4,8,0,2,14,
105,Re99b7RvWYkbnlHv,5,11,0,7,8,
106,C3MmY0CoD1bPgK8,6,6,0,4,11,
107,GLQRbrFQOONAOC2NeVi,3,6,0,6,10,
108,g3UalE3dsDkEi6MbDT,2,6,0,6,13,
109,D9lh4QugiOnV5U,4,1,0,3,10,
110,AznGBGNideceukgw,6,12,0,6,12,
111,fp9Ts6HkMxnybJJN9,3,1,0,5,8,
112,7EabUQRqHa7iiz9ipWN,5,7,0,4,10,
113,pfeXhXp50R5Jn9t,3,6,0,2,7,
114,spVlOEHtZLUkn,5,13,0,7,8,
115,R1jSSe4KuvbZz,7,6,0,5,11,
116,zucAmQbWirFnmv8,7,7,0,3,7,
117,CgCLnHIQyR,3,12,0,5,9,
118,95LN8GrvJNwqV,2,1,0,2,8,
119,LLrAJWIxgoVmRD,2,11,0,5,9,
120,dFDAFUmpYSAV,5,9,0,7,7,
121,eGmdqypH3zP932AT,7,13,0,5,8,
122,0UEziLd0K0FORNS,2,1,0,2,12,
123,xXjbqC41o5XP1MqX3,6,10,0,6,8,
124,89B3zU5G3WRzc,5,13,0,3,8,
125,igtJ7j7PdZT1woI,6,2,0,4,14,
126,Pghbo72UDhJTYC,2,9,0,2,7,
127,HZFPwlit0Y04HYJvzk,6,11,0,3,9,
128,SonRMs4RXPGEjz,6,9,0,4,11,
129,GfIclX2suG,7,4,0,5,10,
130,mWRkhKvvhw13Yz9CD5t9,3,14,0,6,11,
131,I4MW7VtG4y,2,7,0,5,14,
132,iOdkgrrFXn0,2,2,0,2,8,
133,gTmoruNZhx02,4,6,0,4,13,
134,T45517Yxjzbh,6,13,0,6,14,
135,447vK9m8p4bI1weT,4,12,0,4,12,
136,xliOgLwGEl,6,1,0,5,9,
137,q5FmVf4LC5OSu3F,4,6,0,4,7,
138,yf0MtdRbL75unQFsftQj,4,10,0,3,13,
139,lES5UDLK0frnWKZ40,6,1,0,4,14,
140,ttqgHKD0983rzc,4,1,0,7,10,
141,MgvwXSba0AEDDBrKk,2,7,0,5,12,
142,LgYIygcFOJoz2,2,5,0,7,14,
143,idX5jK69GQ,2,1,0,5,10,
144,AIb4FnFYRGDwRPF2,6,11,0,5,7,
145,HHaT9blpMyxuL3d,4,6,0,6,12,
146,NTXgWBvu3uKdlfTwDSU,5,2,0,7,13,
147,1NQSbwbrLMHi1Sa6qi,7,11,0,2,9,
148,LUo5SnzHn9xQEnh,6,2,0,5,13,
149,zIqSYWhjFvDAFAjyUj,3,3,0,3,10,
150,rJ3KU1dUKcOQ7,5,8,0,4,10,
151,HqxjbXbt4l024erJg4qx,7,1,0,5,9,
152,evSSMX3LIA8,6,8,0,4,10,
153,INnGZ44zUJjj,4,8,0,4,11,
154,KNjf1OxyTwZ3mJjmP,7,8,0,4,11,
155,bqcyIwI3vq,6,12,0,3,9,
156,qf7LqVJs19,7,14,0,3,14,
157,v5newBNM6m,5,1,0,6,14,
158,LGKWGJzMW4nlpwngOT,2,10,0,7,12,
159,cPzzrJLaAqTrJbcT0,5,13,0,2,9,
160,VbPyyfiuHpPl7e1uxL,3,8,0,4,7,
161,HA2Tjm3VYrokud9bMlp,2,1,0,2,14,
162,2oJPYNe6WJ1p,2,13,0,4,12,
163,2BTwUW3q4UdgSLjIz,3,6,0,3,11,
164,yq4UFHxZXjBOcZ,4,5,0,4,11,
165,5A7Oz7Lr18fkkWq,5,9,0,7,11,
166,QmKxGq9UJV7,6,3,0,7,12,
167,IhGXQNntMSAoHelIlQR,5,10,0,4,12,
168,t0q4GrEm1zmesG,5,10,0,6,9,
169,IV1NSNVqmmQZ0,7,9,0,7,10,
170,2k0iUWAPMrkY34g,5,14,0,6,7,
171,wejLGrKlVfo99652AjiS,7,12,0,5,12,
172,JY2cXpbEydMz6,3,6,0,4,10,
173,ozFdv1CJ8HDAgJk8W,3,6,0,5,7,
174,Fin7NF7J2cOmKKHeIRE,2,1,0,4,8,
175,gvRdNGd7m8,6,11,0,7,10,
176,vy3FJcrd0tsGive3tPIp,7,9,0,3,7,
177,kucsbw1WrPeLD,7,3,0,5,11,
178,mz8R1iRK07qxTU,5,5,0,6,12,
179,h5YyEG1ivO8,2,13,0,4,8,
180,LmlVMEEjngie03oXZ,4,13,0,2,10,
181,Iy8e146BLoKEWq,4,1,0,7,9,
182,ulp0dTeGMTk,5,12,0,3,8,
183,SeEjpvwg9F,4,9,0,5,9,
184,6T4ElkZEI14TXXu,7,10,0,6,14,
185,sxCSYJXSwJUs6,6,2,0,2,9,
186,3I7O5gGsUQa,2,7,0,3,11,
187,9tIcLWqX1BgQqg,3,10,0,2,10,
188,I3DsWWvkwER6Zvf,6,12,0,6,14,
189,dkP5Ah21n0r3hdJcT,3,9,0,4,13,
190,tex9gu8fOJzdIqHS,3,13,0,4,10,
191,ncq4RaklygOf,7,6,0,7,13,
192,NQCGrGMOFqkz,4,13,0,3,12,
193,8DTJy4ziXeMiidX,3,1,0,6,12,
194,NBwhY8pCNEwhRV5wKI,3,1,0,3,11,
195,rNnrSi885dfEh2vTyyE,7,4,0,4,13,
196,sP6a2VVdZYmXchkFfOQl,2,1,0,6,12,
197,3cJyyuKOb6sPwpNfUg,6,6,0,7,14,
198,4rr8CqWbfGjcMfNOJJ9,6,7,0,5,13,
199,Jznqze1rHTqvSP8m404d,6,4,0,7,13,
200,t7f8svhVcHOVzPjoL,2,11,0,5,12,
201,Eh2s1lVtl8G2eJ3s,3,7,0,3,8,
202,Sect4mYDQlAgmbsXk0,6,8,0,2,11,
203,YQkoNJPVdu,5,2,0,7,7,
204,NvSSNq4q2yRtYOX,6,11,0,6,9,
205,g2t6dmoAoFyJNvrQ4uO,6,3,0,3,12,
206,rA0xMUCJ0C4PwuThqn,4,6,0,6,11,
207,idrYor0yJ0ObxFf,4,4,0,3,11,
208,KY9ByhJuV2rI5I,5,6,0,7,13,
209,J2HtFiX5LbSYP,5,1,0,6,7,
210,ggDQfbEx3C3ky4,6,2,0,7,9,
211,klCE6g8HVktCChKtwpX,5,1,0,5,10,
212,ffUJpfPSI0A,6,4,0,6,10,
213,EgGFPXNKzm5EOS1b,4,7,0,4,9,
214,r8Iz8XwPFukML,5,3,0,4,7,
215,qUb1syhkNh,6,4,0,3,14,
216,EebhgRBuSyU1oQjc2y,4,6,0,5,9,
217,0bNIvUegWSder4Jsutu,4,3,0,3,11,
218,KugCaYgWeBV7GR7zjy,7,3,0,7,7,
219,f3VeQ9ZC1BOzTye0rbX,6,14,0,5,7,
220,T6dqdXKc8MtDIOv,4,9,0,2,13,
221,pPZO0bLUBJdlG0ns,3,10,0,5,11,
222,mVc5doJ27b,6,7,0,6,14,
223,yoDmirY7yeGA98Uce,2,2,0,5,8,
224,SrSWLVAScsG8JNbVl9,5,7,0,4,8,
225,cwygPN3s39x7NZk,7,7,0,2,8,
226,1iJ9jpRLwMpfgvC2Pc5,4,14,0,3,14,
227,5vR4xHr84Xv5hIjpc,3,13,0,2,13,
228,ADsjdDn4Dc7ppYJ,3,1,0,5,10,
229,GO2blOm1NlwLlKmKZZn,7,9,0,5,10,
230,SZeaSArY9yUT5,5,4,0,7,7,
231,PRVDrV5lNS,5,9,0,5,13,
232,yJDHDoMWoE,4,6,0,4,11,
233,xR88veHZR9z8P7,3,14,0,4,10,
234,AMV4TlNTam85YXyKhFG,4,12,0,5,8,
235,ZmUFDfXFeiiK9,3,4,0,6,7,
236,HvRYcwq4Qt4HzZDER,7,12,0,7,8,
237,8vG1UkirBm,3,8,0,5,11,
238,tw3UV0iOHOlo,4,5,0,4,12,
239,HaMPT15oPexyEBxbuTV,6,5,0,4,7,
240,WjWEtiPJycgo5hYUedB3,2,1,0,6,13,
241,aYxVThUklYq9SPhR,4,6,0,6,14,
242,1qNdwgftTs8n8Yk,3,14,0,5,11,
243,Q634JXZVvd9Dy61ztmVx,7,14,0,6,9,
244,JGcJpMy66M,7,4,0,5,8,
245,Fq3AjOURJIuUJo,6,12,0,7,10,
246,tupp23IRqzPgoWDytC,7,4,0,4,11,
247,EIhiTxfhC0tG5ewU6,3,11,0,3,7,
248,FMVwFJJqQOdaOq8xlREP,4,6,0,4,12,
249,kATJmra1fynG,6,7,0,6,12,
250,DtMNZrlu35EB,6,12,0,3,11,
251,8lQlGCeZqXS4daNXVza,4,14,0,2,10,
252,dQ5UjOh6BtGNTUkQ,3,1,0,2,9,
253,VofOlUfMtIs1B,7,5,0,2,9,
254,q5igF2uDDTfJd,4,4,0,2,8,
255,LxlbRSGsntRXvr,5,13,0,4,12,
256,rS18yWzOSZrZYsYAvo,5,2,0,4,12,
257,simUo6G3Jnv1DU9pPO,7,7,0,3,12,
258,eE2L0nW8Gf,7,5,0,6,11,
259,1Z5PMv4tuOW,3,9,0,4,10,
260,sg3di4EmqBMS6z8uRL,5,14,0,6,13,
261,QI0y2fCZEa2eVrhF,3,10,0,4,9,
262,YzbHtsFcQKE4,4,3,0,5,7,
263,qb28Sn06aKY,6,10,0,5,14,
264,ZCeCDlKBOGQIJ,4,14,0,3,13,
265,bMXJq7303AzfL0,6,1,0,5,11,
266,6S1HcLGZvgruezTE,5,10,0,4,7,
267,w7N60bLsNlnyM,2,2,0,2,10,
268,uGrmGoJSA8moVpf,4,13,0,2,13,
269,5LHwTr6zeuqcPvHmKPvl,7,3,0,2,11,
270,wPkpTfm5xT,7,10,0,2,8,
271,A03QP2kqxg1,6,13,0,2,7,
272,0AZkFSvlkj,7,11,0,6,10,
273,MPcxEeIvZspEoVtNZ,3,1,0,4,7,
274,Oq4jXcwdVjl1Wxd,5,2,0,4,11,
275,nsLIMfO8yr6hqn1mwvs,4,13,0,3,9,
276,cLi7OjMAE21l,2,9,0,4,10,
277,R7SMw6H3GDKeFF9,3,2,0,5,14,
278,E4t3xyiiQ9WZ7gKBgA,4,3,0,5,9,
279,pm2IE433vT,4,8,0,5,11,
280,BLK43TLTNe7Shpeem5T,7,5,0,3,12,
281,dFdtTfORDHZtpqu8S,5,9,0,2,10,
282,wQCCbxaQjf,4,9,0,2,14,
283,NrREhqg1vd,4,14,0,2,10,
284,XtxO6epATu3,5,3,0,4,8,
285,TLiSRA72Hf5J3dD,3,4,0,4,14,
286,7a5YrKFdyfLZU,4,3,0,6,10,
287,Z2LiYXZIch,2,7,0,7,10,
288,NejUfcfSGrebG,7,10,0,4,9,
289,zXgMLhBgcVQ,7,1,0,4,11,
290,PjpKCJZdXwQEjdVO,6,13,0,3,10,
291,CCmNqL5X2JntW83,3,12,0,7,14,
292,URDNYZRx3qZOB,3,4,0,3,8,
293,5FYM2UySN1KiuYInU,5,7,0,3,11,
294,1EW1lmbGKr5m0m,3,13,0,6,14,
295,R5a9Uioy67Pom,6,8,0,2,12,
296,LiooLKzDFwRGTIezC,5,9,0,6,14,
297,vUiM49heDdjohy1SN,2,2,0,7,10,
298,03mFVvUqYjsnm20,4,2,0,4,12,
299,wY4hbTnkrtsT,5,11,0,7,11,
300,q35v8n8GQL5CXGRmG7,7,7,0,2,8,
301,LJk6FAomoI6w,7,9,0,7,11,
302,2y8DXnjwep,3,9,0,4,10,
303,5VCL2ADDPFxEwzgRGiJ,2,4,0,2,11,
304,nZC9C8IEjgiU,7,5,0,4,8,
305,DQDZusjCxangn,7,1,0,3,8,
306,St9DqL6EbYdnJmf8,6,8,0,2,12,
307,Pi5UtRma66qCIJlDpi,3,10,0,2,11,
308,TgXyxPUzOj,5,1,0,7,9,
309,mDn052h9dYrR4hi,4,1,0,5,9,
310,j3OoOYeP0gIt,2,14,0,2,11,
311,SXW6IreltQhSVMOIo,7,7,0,2,10,
312,fILQ3iKw0sA9p4M33QAw,5,5,0,5,13,
313,hsyjCnGa2z66pzfaxaj,7,8,0,6,13,
314,B3P3pA7S3MT,4,12,0,4,12,
315,2RRZGWG80KY,7,3,0,5,8,
316,0fXAr0Wip3xf8WdbsKE,6,10,0,3,8,
317,qXD2dYVElkXYo6NdEVQV,4,2,0,2,11,
318,1ey4elnX3Uib3sG,2,6,0,7,8,
319,745llxa8o1Po,5,2,0,3,10,
320,n4hMfZD7Dr5Ip9,2,13,0,4,9,
321,psDiWTF676I1WafkqR0,4,2,0,6,11,
322,CZ2epEKC07w,6,14,0,7,12,
323,3JtPAj9w6j9upkXuBBaS,7,2,0,5,9,
324,R4HrDSxktvpQG5,4,14,0,5,7,
325,rjkFeilf6oc,2,5,0,7,13,
326,u0ENhLQUDKTwGf,2,8,0,2,14,
327,ET37D9su2I9Q,3,5,0,4,13,
328,8x2dKBaGRylRH,4,8,0,6,8,
329,UB2VeyqEtxiG5DenxVY4,4,6,0,5,14,
330,Mff1rqfMPeCigBWy3EGn,2,8,0,4,7,
331,irD7kFM5dat1yjWh,2,14,0,4,10,
332,akzXPinQBVTUECix,4,13,0,5,9,
333,gU6S0hbh9YoVQUNdpL,6,9,0,4,9,
334,WCoRLeXtQ4ofAPIOHQW,2,3,0,6,7,
335,ZaV6MyfVDzi,6,8,0,2,13,
336,bqKUm1TNgQwIG,7,12,0,3,11,
337,MkKatuHOjM,5,3,0,2,9,
338,iF89Dvq53qh,6,13,0,2,14,
339,MLxRvzuTP1ezBP98so4,2,13,0,2,10,
340,Yn7rrJGcoX9AXzszI7,5,6,0,3,14,
341,8r6RXbMwp6TQG9HPDn,5,3,0,2,13,
342,A3vBXu4HdFSHX7fdvjQ,5,8,0,3,13,
343,SxFUbJ5m7AYfby,5,9,0,6,9,
344,UJSrAPtwKoMpcKSCmbVV,4,2,0,6,8,
345,pY4mwUsnGlE,4,5,0,2,14,
346,leA9xUnefNQLRdn,2,7,0,2,9,
347,G5zirCnHNJQU0re8eq2,3,10,0,3,7,
348,ZBID8aN5n8,5,8,0,2,10,
349,8J2NByo77BWJf55Hod,7,6,0,2,13,
350,PpS6UsHxbI1IjeGE5,4,9,0,4,11,
351,g46Lmoav7UcUhG,2,14,0,3,11,
352,75ip8TznONgC,3,5,0,7,10,
353,xHttb707oVLFjB,3,4,0,5,10,
354,bgzdeb7459BsXNFhh,6,5,0,2,9,
355,C9i1cGPlIsr0z,7,3,0,5,8,
356,BpktsV3LaW7,4,5,0,6,11,
357,uXidoRLlVRkymKO7D,6,4,0,3,7,
358,CjPnLadnyc1,4,10,0,6,11,
359,YFhHWLQcfO8INSqY9XS,7,2,0,4,12,
360,lBVGngWdXB,5,9,0,4,13,
361,J1Xng5aJFTO6V,3,14,0,2,9,
362,suxFFN2WSLQ9,5,1,0,7,8,
363,3zeTkluBNfFSowd9D,5,3,0,7,7,
364,IXbPxqS3dLlVka,7,11,0,6,10,
365,zYTaxTeplJLflOnZP,4,2,0,4,11,
366,cVjhxLcARCVCesAjWnXg,6,10,0,3,11,
367,Tmwycm7cqFy6ITHk,4,13,0,6,14,
368,PoHGLNCaxwiLRilFf9,4,5,0,5,8,
369,BBDVcr7ULMTHloskjA,7,13,0,3,12,
370,ecu2jNjdAWWpiBF60s,3,13,0,2,11,
371,zvjV4B89TRSaUuqY5Gxy,3,3,0,7,7,
372,kP2nUgLSHJ,2,14,0,4,14,
373,sP9C0eG9EaF92,5,7,0,2,8,
374,4X9agVKz1a1kYe5VDEKE,6,5,0,3,7,
375,EPGo49z4piQWNKfn,4,6,0,4,8,
376,GEXNW6eBFkmdY2GVOV,2,6,0,3,10,
377,d3bxEvqqQ2,7,3,0,5,10,
378,vNS28G60PHEVD8OYfdie,6,11,0,3,7,
379,gQpzIIGoQXNwLo03qTb,3,8,0,3,10,
380,4q0KVKxCYc4s,2,13,0,7,12,
381,FKpek14QWKqzxn,3,11,0,3,7,
382,XvKgh07Ai98SX,7,12,0,5,12,
383,ZNJAe5lAjRiVgdceH5D,2,10,0,2,14,
384,lG2tNyY0Rpv0KKIbWQa,3,4,0,3,8,
385,WftT7aWLJc,4,5,0,4,10,
386,cPxHSOLKVq8zdYK,6,5,0,7,13,
387,t5Za01mg0Dj,5,3,0,4,9,
388,cnxVB3qUjL3,2,10,0,7,14,
389,iGmUopcOF67QVh,7,11,0,2,9,
390,WcJWN8p2mkU,7,5,0,6,10,
391,QV05kuvGNRPjOKvTGt,4,1,0,3,10,
392,KbK037h8YDUY,2,2,0,6,11,
393,VaLr8DFP3qOuP8g,7,2,0,5,9,
394,PPqUROzdusfE,7,14,0,6,11,
395,tQCS2YagvoyibhNh8U,7,7,0,2,12,
396,4gBWJnBJkLOLucrELOa,3,6,0,7,12,
397,lvlR4Y35laxWCSIyGM9,6,10,0,4,8,
398,dvgwS9KaxW0CPkePhJr,2,11,0,6,10,
399,ybZXMjNoLZiNl6pI,2,10,0,6,14,
400,jfmgdNh31F,4,4,0,7,12,
401,qjXz9yPykj9pzw3bV,6,4,0,4,10,
402,8RcOHH6NZWRqX69U,4,3,0,3,12,
403,sgEaZdTniEwRvjCF6S,4,12,0,6,12,
404,KRMPVpGuM8vsrs,2,13,0,5,9,
405,PhwmrFngC0S5Wt,5,12,0,7,12,
406,4eqWA0ZEXDAPxla,7,7,0,7,12,
407,f9i5d6rUYtyGCcXWvB3F,2,13,0,7,7,
408,1Enh0glFhB3BDA7,2,11,0,4,14,
409,Cj7a2jGgNg3RYYgB,5,7,0,2,8,
410,V01KT29GPwuaTfq,7,4,0,2,14,
411,yMLYtxAv63VgXk,7,8,0,3,14,
412,BpdkW2vWseRoVnFM,5,11,0,4,10,
413,TLrbqgTeLqVh,7,11,0,3,13,
414,GX9Fmonu4C,4,13,0,7,12,
415,TMzmKfuoSC,2,4,0,2,10,
416,5fXns39UhevzCDO,3,13,0,6,12,
417,u5iCpJy6JQ8n,3,4,0,7,10,
418,uXLLDKfGwUKhxhn,6,1,0,4,10,
419,alsiwHz5jt,3,13,0,5,12,
420,nApNgmbiSKPX6Hn,4,7,0,6,12,
421,VsZwuncYINF,3,5,0,4,11,
422,7mfwtaucq1Lkk,7,12,0,4,8,
423,iPttbNuBKWI41VAD948,7,7,0,5,11,
424,5G2XcFSID1SDO7i,5,11,0,2,12,
425,r6sAnv94Db1aolcHcx,2,10,0,4,13,
426,jkc3axoAYYIcH0,6,14,0,7,10,
427,m9Dvc5rJGL,4,13,0,7,10,
428,dKWXlBFkEl,5,10,0,6,8,
429,W5L1XUiDYa5DEq,2,1,0,5,14,
430,wzL1ZmSQi2nkfabWRj,7,2,0,4,14,
431,A1buoS7ijXi64yLa2,6,9,0,4,14,
432,OIvjK7nUx1t5Sb,3,8,0,4,9,
433,J3wQbrDOeWYB2,2,14,0,3,9,
434,wmIXRVqxGXJzP4G5GtBk,3,6,0,2,9,
435,vztfGCs6leFeO4kvKNhg,4,8,0,7,7,
436,OqUjj9zdALLps,5,8,0,3,11,
437,PfhX5NFBGIZge,6,5,0,4,12,
438,5PZjQhL2LScvdrcm,2,1,0,5,13,
439,pLDF4nSrYPWlt,7,8,0,7,12,
440,h5kYDGHJDOhW,6,2,0,3,7,
441,mZbj8jZ1MDCB,5,8,0,5,14,
442,ChkSCOcTtylbT7eKy3qY,3,11,0,3,8,
443,O7s8BWxT6atHt,5,6,0,2,11,
444,yi3QFq5OGcXuCh,4,9,0,2,12,
445,qmG5YfgnDVkwPVJW,6,12,0,2,11,
446,2k4vpOzDVA,3,6,0,4,12,
447,8PzjX5kYP3rJDq,5,12,0,7,12,
448,oQRkMDJcc9JRyODyNXQ,2,6,0,6,13,
449,xzlDKeKVXG82v,5,12,0,5,8,
450,YYBWKviZnKS,6,12,0,5,12,
451,sUFZtEfAAes7k,2,4,0,5,12,
452,4SrOkOv5ouTfT,4,10,0,3,13,
453,88sZoGQTqf,3,2,0,2,8,
454,Lgnouym7gnwber,4,12,0,7,8,
455,2SE0X1nClsllL1wfoF,4,7,0,7,8,
456,5A9GsNqfL4tief,6,14,0,5,14,
457,sAPBkwTMLn3Dtohx,6,11,0,6,13,
458,NhAcfubEHqu3WH5p,2,13,0,5,14,
459,hVh5FI8AM1UhqkxxT8t,7,8,0,3,9,
460,P48XuIRULgWybx5C9FfX,3,13,0,2,9,
461,Id0SnlE8iD1Zw,3,9,0,3,7,
462,jjJbRxNwebdZ,4,10,0,6,11,
463,wfdM3sHohqs,4,8,0,4,13,
464,de1E7tRJu3mDFZVybxDV,2,6,0,4,10,
465,tTRlETqR3Nh,7,10,0,3,10,
466,7znu12ydaEt8,7,4,0,7,10,
467,9vHab2xEJdqEbN9sOT,2,4,0,2,7,
468,n3pGjrHU8RCCt,6,11,0,7,8,
469,kquiPeFMvktnhHLOEiV,3,9,0,3,11,
470,xHj976RGGd3i7Eoc,7,12,0,7,7,
471,dXG8qm3NUj3gjHGcGpAK,3,7,0,6,13,
472,dS680q29jfMdqU,6,7,0,3,14,
473,c2GyCTO5ysMZawQmgnuc,6,7,0,4,12,
474,3rG0WZnd3vw,3,5,0,3,13,
475,S1Ohojv2TpD,6,6,0,2,11,
476,h8naYhXbVRmU2h6O74,2,12,0,6,11,
477,oDsSL1eFG8PVCUu,3,7,0,5,11,
478,7T0F9BGKSixG,3,14,0,7,13,
479,y640hXjbrcbrn,4,12,0,5,11,
480,aoJuedyRrk1T5h18dP,4,10,0,5,8,
481,2QnYVztQQL8vMTyRgcT,5,9,0,5,13,
482,ery966gk4w,3,7,0,3,8,
483,Ox635QZn7ZGSEcfDAIbx,7,6,0,3,8,
484,KSFL4Dg3rUG,2,1,0,2,9,
485,5wO2AiKrNHC4jLts,3,14,0,4,12,
486,lkbdTHlHeuZ0C,5,8,0,3,10,
487,iz9W5FWYiVxTeI3W,2,1,0,3,12,
488,PA1midD7tSx,4,11,0,4,11,
489,DdSexA5UuG5JsWQMG,7,9,0,6,7,
490,Rs1lFeh3S9MqXphw,7,5,0,4,12,
491,w8Iza7amksek5FkPW5X,5,2,0,2,9,
492,5jOkQcQFf2ak5P,6,3,0,4,12,
493,WayHPYqcBjkZ,6,2,0,3,13,
494,6aa77Eku5Was7aZr2,4,3,0,4,13,
495,uVpQIeDlach,6,5,0,7,14,
496,XvMZMYZKrOj3bOTt,5,5,0,2,12,
497,OjFPKJ7m4UmQ,4,2,0,5,11,
498,0NSfigktLvJ4m6U7k,7,3,0,2,11,
499,vhmoTMNr8F,3,2,0,4,10,
500,p6NW7Hu1t6o,7,1,0,5,12,
501,g40SwM1KA0P,4,3,0,3,10,
502,BvMRsG5uZQPsWoRlz8B,7,6,0,4,10,
503,jPI0s5cbiyH9K,2,2,0,4,9,
504,zMSDO2V8xyIxuEceC4,6,10,0,5,11,
505,N6BRVFAIHpJVFWIMag7,3,9,0,6,14,
506,fEMEZdhXy6,5,10,0,7,11,
507,fdQu9CkHPKpfv7,7,14,0,4,13,
508,XfEo8uyyfrNKozYEf,6,9,0,5,14,
509,1MushxNBEI2hvv,2,13,0,4,12,
510,OBMV2SQqnEoyCvsrwMD,5,7,0,6,13,
511,N1FCU1QVeZ5vffsv,6,3,0,7,11,
512,pqWlsKDFz4l7Q,6,11,0,2,12,
513,w8TnEPlTfMwIU1xnYLV3,5,9,0,4,9,
514,wy23UZ6uDYWrvEIqs,3,4,0,3,13,
515,eyjpq0GMViqCYz,5,6,0,2,9,
516,hgldQXhdWzX58eyR9NBo,2,6,0,4,11,
517,ZV0dIPNiv99eoMHPd,5,3,0,7,8,
518,WAUbQDY9u5Ml,3,5,0,3,10,
519,0FLIQYbEOUFKoiAjIC5,5,4,0,2,7,
520,STPCZa3aCqfE6GiE87b,3,10,0,6,9,
521,EFQCbTHxsU53i2C2Gz,4,8,0,7,10,
522,P4dSxGDXVm8Mewq,3,11,0,7,8,
523,mHhqLjUulxnDI0xtq,7,5,0,7,8,
524,h58ugc58c7CQz5KbXJ,3,8,0,2,10,
525,IdwFDKBQVAJh0e5D,4,13,0,6,8,
526,aJITccLoEB9Jpih,4,7,0,6,8,
527,EiwgR6sXEln,3,3,0,3,8,
528,3srmuTrMNMKgSodHN,2,7,0,7,10,
529,EHjbvuHnIk,3,10,0,2,13,
530,fdhL7xY7zRI,2,4,0,4,14,
531,z0zOBUCfMPX44yOMsdf,2,7,0,4,9,
532,kqpnoxEAIFYPBd,7,13,0,3,7,
533,aMShEVDwyMT4vWP7Fq5Q,3,9,0,3,11,
534,5ddtdz7SlnVov,5,11,0,5,14,
535,CsCeQoCKuOcp84G,7,7,0,6,13,
536,6VV82Kt0ui,3,4,0,7,8,
537,vECZOiOkGEFjlOM70,2,14,0,7,9,
538,VCx6AsTbJD1ZAz92p,3,9,0,6,10,
539,Gw7hiPg0EkY,5,11,0,7,8,
540,35bejrttVtF74VZvYm92,3,1,0,4,10,
541,4IEHmKjk5kynv8hbQw,2,5,0,6,9,
542,WonvR5U5or0Jjs,4,13,0,5,10,
543,I2HGQdZEqh,7,12,0,5,10,
544,icZMuYnqR4DPvBrFYp9L,7,3,0,4,7,
545,v7YOnPb1lg,3,12,0,2,9,
546,anq0AAtWliwxPhn5vL,3,9,0,3,10,
547,7A0gQEQ71MVFb,5,10,0,5,12,
548,UkURmpz105PNfygF,3,6,0,4,11,
549,l8k2ymojsc6uUyGDy8,6,7,0,5,7,
550,ub5f2mtX3znBPHjt,7,2,0,2,7,
551,6h0cgQJgrHRKIZSq,6,6,0,7,12,
552,0oRKsb8eJVyT,5,2,0,4,12,
553,D9YVK9pE7vfbro,2,5,0,6,13,
554,3QsNXE0xkyILhOtr,7,13,0,2,13,
555,353UuIKwtIC2wqAT8Jra,7,8,0,3,8,
556,GB3Z14KZc5,5,9,0,7,8,
557,guhtVx9Ca0z5tX,5,5,0,5,10,
558,4vkpTh2Yl4bSrG,5,11,0,7,7,
559,0ARXXptFQyxC,3,4,0,7,9,
560,K8CE0iHIjeD,3,3,0,5,14,
561,916MfGRxQxn,6,1,0,2,8,
562,MA077h28Ce1tNU9PlN8,2,10,0,2,13,
563,vjPgelRRzAHl0PFI6x,7,14,0,6,13,
564,zaCil8Y3AxGv1ryncpNT,4,8,0,4,9,
565,z6bvKzZwt0NiN0SbL,6,8,0,5,7,
566,STvrYZnUpUuRDRn,5,1,0,7,7,
567,UhYVAm7h3S7dQslF,5,3,0,7,14,
568,IW0LKaCZnj3jtin,5,6,0,7,12,
569,FbqF14HoOGlGmw,5,1,0,2,8,
570,AJMBkIeHEjhHF,7,12,0,5,7,
571,ZgDsLTFOzi2,4,12,0,7,12,
572,8YkquHI303ZlSA,5,11,0,5,13,
573,Hr4yYYF3DIYXbonfhq,7,12,0,7,9,
574,NgyrluvEQNy74RN,5,8,0,6,7,
575,kcdSsfuLE3KCoa10,7,1,0,5,12,
576,h0zYktl6wn,3,5,0,4,11,
577,QsYKTG9VOSifKj,3,10,0,7,11,
578,jDJURLF3r4Mgw,4,13,0,7,8,
579,5IhGW2pKr4,5,11,0,7,10,
580,ewPhfmWycu8LI,2,7,0,7,7,
581,gQoF8y158Ry4,2,10,0,3,7,
582,l4z307Hv4X159iTUgRp,5,14,0,6,14,
583,UWiFWfodSsk10J6HIrEJ,5,9,0,6,11,
584,D12BNYfC0Bj5hobItBM,4,1,0,4,14,
585,a8Yz3uj8w8T,5,13,0,3,11,
586,LMFg1kONUKRE0s,2,13,0,5,14,
587,kar9qiAlgWxpFhtc3WO9,5,6,0,6,7,
588,c4M46fb2ii8V9,7,5,0,5,10,
589,fPgJvTr75PKmhKTrf53,6,5,0,4,9,
590,V87FMhkmyEzFpRPo8CC,2,3,0,3,7,
591,kLKGum3WpedkBuhfNwu,6,8,0,6,10,
592,DT4lnqGDzNGUJLj,3,2,0,5,10,
593,5Sr6A4oSyQ6XNUAPmy,6,5,0,2,11,
594,JDyPnFHFrUF,2,6,0,7,13,
595,BeEl5bnARXfOUMIO,3,3,0,2,10,
596,I5j8KE0xEX,7,11,0,2,7,
597,9jLmJZUAtWKKKmUB,4,5,0,6,7,
598,kVaCxceGkJuCykx1,6,9,0,3,11,
599,7r7R3WXl1P8DOP5n,3,7,0,7,13,
600,TpGBHNY9noj,3,1,0,6,12,
601,6QB1eb1tq0zfwhPQsZ,7,4,0,3,7,
602,3MrOhv4WqZKg,4,1,0,2,11,
603,TlmL5jGJxdc,5,2,0,6,8,
604,bXtx8lSQ63,7,2,0,7,14,
605,C9HZWG4bVzV,2,13,0,5,13,
606,cRA5HpbeLs7,5,3,0,6,7,
607,iGuPcRBIl4pk,6,4,0,5,12,
608,e2atgi7sB0WShZX2o,3,10,0,3,8,
609,PtgJqbz4Wf,3,10,0,3,11,
610,mcKIonyki2xof,7,6,0,4,13,
611,Jz3gp2T7Il3D,4,4,0,3,12,
612,UxqtItNj0HKf,5,9,0,7,11,
613,AdPk66xYF4S6nG1,7,3,0,2,10,
614,3DD6kYWHJG,2,10,0,6,10,
615,1Ltw4wDQqYHw5YXUWkf,6,4,0,5,10,
616,wKorrCWEFON90,3,9,0,2,7,
617,lsiKVvYykrc,3,9,0,3,9,
618,E11nlj2D6U23,2,10,0,7,9,
619,DewO5vILrjO2YBaXPc,7,12,0,2,10,
620,1vuqFOZuRsKdPSB,4,2,0,7,12,
621,9dHSqZhXx6rx2U2eota,3,9,0,4,8,
622,LknJM3AexiaNN,4,9,0,3,11,
623,Jj6kpMHpdIKT5I,4,2,0,7,9,
624,ZjKXkLJRufiy4AJdY,4,3,0,3,7,
625,cHU0Ul4IWbsOgoYAGuU,4,2,0,3,7,
626,2bVxITcA0cxsq,2,13,0,6,8,
627,z61C5k8LfF,3,7,0,7,13,
628,pqmQBP3IvR,5,12,0,6,7,
629,YpFTSa9ph6G,2,10,0,7,11,
630,uhRdXOmEpAtEuUq,4,4,0,2,10,
631,m2QsjI14pljHmHy,7,9,0,2,8,
632,uyUfDANBAZ9gCdl94cmK,4,6,0,4,13,
633,ZVRxf9EG2uarO,5,8,0,6,13,
634,dLQC9S0eGu9z,6,2,0,3,12,
635,NzC2qjFNtPS1zqOiWx3K,6,10,0,5,8,
636,xmlalL7qHh6w,4,13,0,4,9,
637,lPXFcdfc0nF,4,7,0,3,11,
638,34IKZSpxMau5DZ,6,2,0,5,9,
639,te6lWlFxgH,4,3,0,3,9,
640,IyCjgOwC6vLGN8R,7,8,0,6,10,
641,O2Sm4SQWfrU4g5hAGu,2,1,0,2,11,
642,NpaUkXyMMazMXNpteb,3,9,0,3,10,
643,LiCvkCzf6Mt,4,10,0,6,10,
644,EerMnsQRDfewnt,2,11,0,6,7,
645,GCulFPubb5TZpMX5D,5,12,0,7,11,
646,upIr7QV1sZMQxIJ,6,5,0,6,12,
647,V1nJElXCZF,7,9,0,6,12,
648,s74GkZhIeHKpb0ViTdG7,2,6,0,4,13,
649,lCyA7nFVZc1kyfm,5,6,0,7,13,
650,miCT803ulQWml2FgBt,6,11,0,5,14,
651,v7rkiXkxIpg2SPlGBIV,7,11,0,6,10,
652,BfwfDXSSsgwGnKX,6,4,0,4,8,
653,h7347hztLJihuHrb,3,4,0,4,12,
654,tOmMqE74BOLIR,5,5,0,2,9,
655,aIA89T7BCW,3,11,0,7,10,
656,Yi9aao87srdAAN3uef,5,14,0,7,10,
657,bAbanlhaYXEiSm,5,7,0,5,8,
658,X6WlzVXt5nP3W6,7,7,0,6,13,
659,5V9q34kwir71uzmx,4,9,0,7,9,
660,xG6V8AuoutndUUVinB,5,5,0,2,12,
661,zkFDBUxeEBspMNSdX9n,7,5,0,4,14,
662,BvspLVoWDEOkGzy,5,13,0,3,7,
663,STSC2I8LA8yBB,6,13,0,4,9,
664,eE9OMEo3usa1kU6mp,6,1,0,5,10,
665,oOiSuHI9BPXisCfp,6,10,0,2,10,
666,8tmdP893PnG,4,4,0,4,8,
667,hvhdoA9r3GvbpMIelugz,7,3,0,4,7,
668,esCNrILLcQjDnbhZySC,3,14,0,7,10,
669,ALe7vULdGwImoURZJ8Y,5,10,0,2,11,
670,P9ozRIpe1Fbej0B67,4,12,0,2,12,
671,RVP8sjn5lM,6,9,0,3,10,
672,5gmeIE1fv9884UCAf4,6,13,0,2,13,
673,Qv6PAssXa3UZxVQtuP7,3,13,0,2,7,
674,wdWq8cM9Mcm,2,3,0,2,13,
675,K9PEvX1LMhE,3,2,0,3,13,
676,3IfK465MAy,6,11,0,2,14,
677,NlIKaSjILYfU04esHgwc,2,2,0,2,11,
678,HjwaAjeNfuEikAzjwCw,7,1,0,7,11,
679,zLa0fUbj0s1,2,13,0,7,12,
680,BrnqOIr84S9IQheP9,3,3,0,7,12,
681,lEXreyNIHFMsW8xqyvI,6,4,0,6,7,
682,jPIAe1teWUdZ,4,4,0,2,12,
683,Qr9kOR65aZm8,6,4,0,2,7,
684,wXgO70YGpThqcm3aEx,7,7,0,6,9,
685,5yz7g3Kgrup6,2,4,0,4,14,
686,o80XKjAorjA,5,3,0,3,10,
687,1HlsjKpr6CbWcuxb,4,13,0,6,11,
688,yA94aXiC6H4xYuz,7,4,0,4,7,
689,Iab5fVV6z6,5,4,0,5,7,
690,ok4Og5aL6B2tx,4,10,0,3,13,
691,f0S2cHnwDliP,7,9,0,3,11,
692,NqQs7PVtwbv,6,14,0,5,13,
693,Wn42jkd8zts4ysGSiWWQ,2,3,0,3,11,
694,vrdCTyHnf9MP,4,9,0,4,7,
695,caS0Zi6U5xJUzZp,2,9,0,7,14,
696,3rbPgPRWYpJG095,5,4,0,6,9,
697,fuACqgxxxYIUJ1Dg,7,13,0,5,12,
698,mhtlydonILaWF,5,4,0,2,8,
699,QB4wfWfLDackY,7,1,0,3,11,
700,f05EBoK2hZ2p77,2,4,0,5,11,
701,ISSDDGBI4VN,4,14,0,5,13,
702,VehmhHXDmkpAyaNHib,6,4,0,2,14,
703,Mwnug3uphqxhZBNvsUCb,3,12,0,2,13,
704,v6darxDuVuh,5,12,0,2,13,
705,BhbDzqheU5jhSVSEw,7,9,0,2,13,
706,mfBb4t3Py56eDu,4,14,0,6,10,
707,87ra4NkytP,2,13,0,4,12,
708,ZfewEw2uvm9MnSGu,2,3,0,4,9,
709,7rZhOOatX1ddptE,6,12,0,5,11,
710,9vqVQoTESBx2HTxfp,3,9,0,3,8,
711,lETPqowkR4vnd94w0sO,6,1,0,4,14,
712,FRjplpWl4Mr,2,4,0,7,12,
713,jUFBKdMAYFPGCwscb,4,14,0,5,10,
714,wSmPXYHK6it8SslKNE7c,3,8,0,5,10,
715,CmSYAlZlGA,5,1,0,4,11,
716,U6L39iNkL3z2j2S4H,6,2,0,4,7,
717,HW96K42J0YjSD8o,2,12,0,3,8,
718,VAs9C9LUUBhbzPA6gtW,2,11,0,3,7,
719,gkTVY90B8XnFBrvjS,3,13,0,2,7,
720,pLOOBG9bXodsaJGfsCj,2,2,0,7,13,
721,bZ4KSVp7w9UJa,7,13,0,3,9,
722,YlcZhu3bmtgBCmg5d,3,3,0,5,11,
723,mCdU2s47w28XIIfxH7,4,6,0,3,14,
724,6gGKXloQYzd,6,6,0,6,11,
725,YnvchSRUuK,5,14,0,3,9,
726,6SF7VDjwI46VR,7,1,0,7,7,
727,NppHtqLBoDVPoge5uT,4,2,0,3,13,
728,78CV4b0VQUCpRXL2wU3K,3,7,0,7,7,
729,IVsAd7E6dRuEwtb2O,7,4,0,6,12,
730,FoSEdSubwg2cWemA9c4V,4,11,0,3,14,
731,Qh1mV3yAZvXav7YjYWK,2,11,0,6,12,
732,x1jys5ZYjqUj6BfSCXcM,4,6,0,4,11,
733,Sdq6md00mvEzrF7,4,5,0,4,10,
734,FrZBbhqb40h,6,9,0,7,12,
735,SAGZPOL9krqtM,4,1,0,2,9,
736,c5sTPIyFIno0eg,3,8,0,4,7,
737,5MFImXpPWTP0ObeI,2,4,0,3,10,
738,xGPvF0YejvD,2,5,0,3,11,
739,eApMsZRDPs,2,6,0,7,14,
740,SWtRqvf89zY,7,7,0,3,9,
741,IUqCdolzvkLDY,6,8,0,4,8,
742,qZpcsixysRgniBA,2,12,0,2,11,
743,xNC5UWO0lkIXL6Ft49z8,4,2,0,4,12,
744,GYFW1DnhRlEQTjExLY,3,7,0,4,12,
745,zqSvcTcmLlx7HJwOcUKV,5,7,0,3,12,
746,rDlxZ2ThX54vvmeNac0,5,11,0,7,11,
747,ZXQnxJfejpqYqgp,7,11,0,2,11,
748,4Y4Scg4AcMF5gw9kDQ,3,8,0,6,13,
749,IHAm6Kn9PPKldWPb,6,4,0,2,12,
750,z1n6HuPHmj,6,10,0,3,12,
751,kxc5kaJcEvlM1Ny8Itgi,3,3,0,5,11,
752,6TfsLeQVAmgCDAlxPlH,5,10,0,5,8,
753,7Jh65TFzANXT,4,13,0,3,12,
754,Roa0T52NPdXIs,5,11,0,2,11,
755,QYSH9U6fmEGMbcs,5,14,0,5,9,
756,xS6lPKAdRnE,5,10,0,6,13,
757,7C9sdkIF3pGF0M0Dc,3,3,0,6,11,
758,gbj4RgKs5T,4,14,0,7,9,
759,kjrzYx40AsEjTnBoi,2,8,0,6,10,
760,aMUumHTBrZ3q5pe,6,10,0,3,11,
761,uabDj4RWsBH15PG7UIo,4,3,0,5,14,
762,pbTVpFk6cWK3w0,5,12,0,5,8,
763,yPULrSjkV7PGWr,4,6,0,2,8,
764,4PFWcbwB2fwvnkSZC,4,13,0,4,12,
765,iZmbrSckh1x7,4,1,0,2,14,
766,7jTSU4FVeL2IJMdGY,5,5,0,7,14,
767,CneAHqoJhfYN,4,7,0,6,10,
768,QcAaNgg6uFnMLIz,5,4,0,3,8,
769,TVctXjY7SyeT9D0yrA,4,9,0,7,13,
770,e6bTKmh5Xsi,6,4,0,4,12,
771,0W36XwpxLCsg9z286JO,3,9,0,2,10,
772,XlefFMlBBHOzF7,5,4,0,4,9,
773,2CyyCPOAtjg,5,2,0,6,14,
774,PNvB2ouO4ph3Exi,7,6,0,7,11,
775,3FXR0f8t7bmtwlvCED,6,4,0,4,13,
776,gw7YhTTIH7mTspfrxd,3,14,0,5,14,
777,FoMB8vnh01k7ESVc3B,3,4,0,4,14,
778,IoAnd5F141UZJ3sTXr3,5,10,0,4,14,
779,dVUTJu8AVce8O,4,3,0,3,12,
780,B5Lu7flViC,2,14,0,7,8,
781,ypVXxPWMqZm3CXjw,3,7,0,7,13,
782,bbNp7dy7KJjexA7gwck4,3,12,0,5,8,
783,1lO398l9edXE9RVKGwY5,4,1,0,2,9,
784,R7fh4XFqjsfusC,6,10,0,5,9,
785,a7Lw0fTfru,2,13,0,3,14,
786,YeS3zIhOMCGsqT,5,10,0,5,11,
787,tZ4iWbHo6HB,5,3,0,3,14,
788,KHKQAWK4mCsaASZv,3,3,0,6,12,
789,TSR3j5jNrhg,3,6,0,2,14,
790,ImJbQ2s8JQP,6,3,0,6,7,
791,vQekwd1LxtN6IR,7,8,0,7,7,
792,UtROMPO2QPq,5,8,0,3,12,
793,Sgmgt3peXNOmN16jc4,7,9,0,7,12,
794,8qAObpbbI2EUwZsuFKt2,3,1,0,4,11,
795,9oK2MlSswwBIPo94lSZ,5,9,0,6,13,
796,oIQJA6YkvS3sCQOq,6,12,0,7,8,
797,Cu6KZaAVU2F3oMHKGfnd,6,2,0,4,8,
798,9GIfxOyhOwApK9d,7,13,0,6,8,
799,snIDIfOxadp5VF5KdZ,4,7,0,7,8,
800,K2CJuPG7Bj5W2QP,5,2,0,5,7,
801,bF4vdHEoSmhlkMz,4,8,0,5,7,
802,cy6JjSg3jEg3RncC,4,5,0,4,8,
803,eNvKG27X1tFQ5lC3,4,4,0,2,12,
804,7uc5J01DTzpvc8VcQESQ,4,13,0,4,8,
805,QaHHme6WpUQV,7,7,0,6,8,
806,d3lYUzF31Id,2,12,0,2,10,
807,OwoYDfgapSi5T3DEkb4q,3,1,0,5,7,
808,RdcIjBjzL0TUhgq4,7,14,0,6,8,
809,6CSYnQ99oTDUhWe7,2,12,0,4,12,
810,VyK46nQDZO34Hi,7,8,0,6,10,
811,AE1E0ClkvFf8EqX,4,3,0,2,8,
812,hNb2HS1LFoLf4IAX,6,7,0,4,12,
813,5g3jowZp5xLwMBKSxANW,2,13,0,4,7,
814,HXb4SL23jEXXYyR,2,3,0,6,13,
815,QZu7eZbzfGWT6,4,7,0,6,9,
816,zzd1xUqyKEizXxMrBiL,4,7,0,6,8,
817,OPGfHCXnER17BFGW2,4,2,0,6,10,
818,eOZD0enJ9G,3,8,0,7,13,
819,33PHneUFvbvHHhz,3,1,0,2,10,
820,soknaMh64oFE1N2x,2,10,0,7,8,
821,bcLU2i3CJtLKYTwbgR,5,2,0,3,13,
822,4Aqp9taM7AAjhnTj,3,12,0,4,8,
823,g1TLZybWqMNWaP,2,10,0,3,12,
824,mMoGBWgV5Y,6,10,0,5,9,
825,U1WPFCowGyQl6WFPEH,2,10,0,5,14,
826,1WstJCsJz7X2qHnoEK1v,7,10,0,3,11,
827,xV9PuO43qY7jl,3,13,0,2,12,
828,DNpSUvWjzUOkePX,7,4,0,2,11,
829,WKy7BHWVxCa,6,13,0,2,8,
830,a5elgBXyb550DKrL6IN,5,8,0,2,8,
831,c2wmPiInSDaGo2emT7,3,11,0,6,13,
832,TKexejrMC8EWWE6wF6,2,9,0,5,8,
833,K3hcjP34rJ,7,5,0,4,13,
834,S6JjiyoO9oZM,4,9,0,6,12,
835,L8zma4JQRKgo6Bmr,7,11,0,2,8,
836,sqiUfmdBR6,7,7,0,3,8,
837,9qf8aH6QiTh1F,5,7,0,3,12,
838,N3L9FxPuaPptu,7,4,0,3,12,
839,hEpFoICSnXTqe9,2,1,0,5,10,
840,84NZuovxgSd3VYSNAayp,5,6,0,3,7,
841,liwrtNmPnzxXVY,7,9,0,5,11,
842,cWNfL43065ikvUFb,5,8,0,5,12,
843,gi6Wg0lNheKKj1,7,4,0,5,10,
844,9InpFjxlBaJly,6,4,0,3,8,
845,Sseu5vmsGkE1ty0l,2,8,0,3,12,
846,iEelozUALNp4ILaFtO,6,11,0,3,12,
847,MGyMplbohfySu1ipVdet,2,3,0,2,12,
848,ddoEENdRjYQC0f,3,4,0,7,9,
849,jOS9Em0bVKqnA9JBp1,4,12,0,4,14,
850,yueISA6530ExgKL,3,14,0,7,14,
851,RuuzPWNyV1ZcMT96,5,13,0,4,10,
852,kiLy7dbp3r7j8bCHpM,7,1,0,6,8,
853,kU5YRvVS9yh3NJBe6ry,2,4,0,4,14,
854,ThOMVpwjSVMk,2,13,0,6,8,
855,GhtWJ35BQPZXlr,5,4,0,4,8,
856,rVgoUO5QSm,5,6,0,5,10,
857,ptvTMX9o4CKWgORqFpE,6,2,0,4,12,
858,78v2BdNfeH5ZcBF,2,1,0,5,14,
859,j02uSTpfKJ4f5,7,10,0,3,10,
860,GFzdciascxE1lp,3,1,0,2,9,
861,e8qCDSJeVBlLYs,3,11,0,2,13,
862,xJLAHJwHGqM,3,12,0,5,11,
863,DhbsCArYZoyBz6vUd,2,2,0,2,13,
864,yCsmKaX1c3,5,4,0,2,10,
865,4EB62N3jJKtPbDHlPHw,4,2,0,4,10,
866,NfhLcQqL4AbEKXJ,5,8,0,7,8,
867,6bJt5nq17VUq,7,4,0,2,9,
868,wBcA92c7BAYS,2,10,0,5,9,
869,DS5vgS2wYJGmrzMd03Z,3,3,0,4,14,
870,WuzxvJv5iScM4NAEYZr,2,5,0,6,11,
871,Mfdt8F2POGhWue,3,3,0,3,8,
872,q6keVbuB2jREJiBE,2,5,0,2,13,
873,KSpWQT3Lv45URTK,6,14,0,2,10,
874,K4Lz7yyxUyA1M00rR,7,3,0,4,10,
875,05bgKcdDWSShybGx,2,9,0,4,9,
876,9aq9Gk3uQpBsXUIB4S,3,6,0,5,12,
877,xSHkwZVozvFVsGl,7,6,0,5,8,
878,9O9deE9rtuUKc3Iler,7,8,0,4,8,
879,umTSbCyAGpvB3q9S,7,7,0,6,14,
880,gBazlrfSwEF2k7sw3k,2,7,0,6,13,
881,RQlKk6i6UJe,5,9,0,7,7,
882,IZICxzbUGJUJKelL4,3,8,0,7,7,
883,DDlkIKhoCArOd44v,5,6,0,2,10,
884,1sS30Ix49E,2,11,0,2,13,
885,4WUppujbM6uSB9,7,4,0,5,9,
886,1h4i0nRLkwENGYz,4,10,0,2,10,
887,RzCsgcTtFTr6Yr,2,6,0,4,14,
888,2W0ytZwjUFZxBm2hR,3,7,0,7,14,
889,2DGDO77Nyl6HSb,2,6,0,7,9,
890,OGOaAE65dihJu7GeJm0,6,7,0,3,7,
891,cGL6mGFqnoO4,2,8,0,4,14,
892,URJGyeTaeeXJtn,4,14,0,2,8,
893,4Uq1RxSiiam4,3,13,0,5,13,
894,XFnvjXKPjgQbe8v,6,10,0,6,9,
895,J3oq9WacpqQzGmpM,6,8,0,5,9,
896,aUHQagUqKuBb,6,14,0,3,8,
897,PeTgoeXGUO,3,11,0,7,11,
898,xrlOJWzMooUswtbOj,7,9,0,4,8,
899,tA4CdTDtFBeHOdD,7,4,0,7,13,
900,YCagmirj4G3OtPAf,3,5,0,5,10,
901,WjPhTbILEWvG2m5LZ,4,1,0,7,13,
902,kT8ZiEIzu0qvhUb3h,5,7,0,5,12,
903,nWhen20A1j8QBq0,7,2,0,7,9,
904,3XrAMIjNnEIHtbH,3,10,0,2,7,
905,w3gyjaqlN9M9B19Zl0sr,5,9,0,4,14,
906,vlitXmNv1PEFLx3eEZP,5,12,0,2,13,
907,NDLvtLfJGuEEWNFYNfwD,3,7,0,2,7,
908,XVBcZiXsGr19JadQIs5,3,5,0,7,7,
909,ffSExtV0lpPOj,2,6,0,6,9,
910,3IEP224IESg,2,10,0,4,8,
911,1QfKwCe0AR3uySE,5,5,0,6,10,
912,zYE8QsOlh3tiUGTY9,4,12,0,4,9,
913,wlDLnmCvsoZ6a,3,13,0,5,13,
914,HLX8qPnFzBX,5,8,0,2,10,
915,SG8KPQf1ly4PrxAce,5,3,0,4,8,
916,065UPdsZa3jVMIli,5,9,0,4,13,
917,RBG5PRbPSkYt1pjAeNFY,6,2,0,6,7,
918,XZUhCgjAxxiOzqaZO,5,5,0,3,8,
919,7bTguQn9MB8oE4,4,11,0,3,7,
920,KOz1ARL9H7yA9,5,12,0,5,13,
921,uwh0AM6xg2rc6Ckj0nBc,7,6,0,5,13,
922,8OJN6j7MPgB,6,9,0,2,9,
923,ibDKo0EjnJGtw4rjNm,2,14,0,6,12,
924,DzHcymPBK2q,2,14,0,6,14,
925,3knoGYhbcDr,2,14,0,7,12,
926,hXTlCCyiHAwTpAIn,5,9,0,2,11,
927,pYpNLln2Iaj9FD4U2,6,4,0,2,10,
928,hFjIYVa47iH68OW,4,10,0,6,7,
929,iClkDAqGz3slH,3,14,0,6,12,
930,KecOsPloEQfYRa,6,3,0,6,12,
931,5z2u0m4mmnfbvIrOKvsR,4,12,0,6,13,
932,5sMxa1lYixgGuNTFvY2,4,7,0,5,9,
933,Yz4D1fLld5pVsP4M,6,11,0,7,8,
934,tYhbgxlhFs8qhVviGKaP,2,2,0,5,11,
935,1psWLEJQzCknN5fQ,2,1,0,5,12,
936,S3CFjO7u33tQ0MuTpQi0,2,10,0,3,13,
937,dYNiwwueS6ebdCBthW4,2,9,0,7,12,
938,G5lV67pNsVGvu8x3q,6,1,0,3,8,
939,LSVJ9vEVSosrI4,3,13,0,4,7,
940,oaLydWoYWRodPbf,5,10,0,2,13,
941,FGvak3uXwH2q,3,9,0,5,8,
942,dEPxldmGyivJ7M5kq,4,11,0,2,9,
943,5RNw6xtJZen70UB,3,12,0,5,14,
944,bpu4ysg2QaG,3,14,0,3,7,
945,ZNpf1WMkuuhBS3sqlhTQ,5,7,0,2,7,
946,8FopQo6d0aP,6,7,0,2,8,
947,zF0a9BtrYQ0oY3DGD0n,3,9,0,5,11,
948,96sxzF8Ab4F4i73yM860,6,12,0,4,8,
949,Ea0aeRo4B0J7q8npc,4,1,0,4,7,
950,EtrksucjWqdDluoRI,5,2,0,3,13,
951,yWIdOKxkja,5,6,0,3,8,
952,xD2tmiEqLbeGj9D,2,9,0,4,11,
953,j7tOJLjse02GS1f1,6,3,0,7,10,
954,dAYOIBgpEvXXXfuu0,6,12,0,7,10,
955,qoJ5ecQ6xpv3UR,3,11,0,3,11,
956,eEybagqVy6NYEOmi8qO,5,9,0,3,10,
957,OMPSM5XxFaBP,2,10,0,5,11,
958,MjscJgRDBLwN,7,6,0,4,8,
959,6y7i26gGNmzhx,3,13,0,4,9,
960,oEWGHmK4piM5ONKADjkX,3,8,0,4,7,
961,ETtawK9t7f37L,4,7,0,6,14,
962,25P8EBZxEoW,5,5,0,2,11,
963,nkRvwpiGaJoAKTJ4jkDD,4,8,0,6,13,
964,AYFcW9Stgk,5,10,0,7,8,
965,84G1q1OaffPGsy3e3lO,5,1,0,7,8,
966,3S7cN8FEtSngCrAzAnGe,6,6,0,7,12,
967,s8dnnz6NlUvayJqrd,6,3,0,3,12,
968,b5q0ig7PiiNnMF3ID,2,10,0,5,9,
969,kO5MpdnCpm,2,13,0,6,9,
970,tGjuulsuNWPqc,4,6,0,7,9,
971,fvdbBBZGpe,7,11,0,4,12,
972,8pty7DaG0O3b,5,3,0,4,9,
973,IFG7XmmfHzr82EuM,2,2,0,5,10,
974,aj60J8DuxhPxy0,3,7,0,6,14,
975,BqLzhQCREbiKaJTwkgD,5,11,0,7,13,
976,bWowIYZsCFo,6,6,0,3,10,
977,OYQwmCNNjO3SK,7,6,0,2,8,
978,uqGyU6Wz7Yxo,7,13,0,7,12,
979,B9KCXmaTQC,5,2,0,3,10,
980,b290AeiS4tYbVmRGqJ,2,10,0,3,10,
981,4U9ppsolrsp9Fk7,7,2,0,3,8,
982,NxOjh6wtwwtKuYP1Q,5,4,0,5,12,
983,DovMdL01mHHY0hbo0jDC,7,6,0,4,12,
984,ASFPhVwqGpUf4tE1AaI,6,5,0,5,9,
985,MpZXSMPcVt,3,1,0,2,14,
986,knfuGE27tm3n8,4,8,0,4,12,
987,ZY3OhgYh7tyd,4,1,0,6,11,
988,f2xUbLimhg67Go2hf,3,9,0,6,11,
989,yrZEWhf0EmA,7,7,0,6,7,
990,EOav2SXTdtV,5,5,0,3,14,
991,n3c3KDVJNCc8O2dNo1R,6,9,0,2,11,
992,0wBwpGV2Tzf6h,5,11,0,6,9,
993,31eAsm5V5C4KQ1lDt,4,11,0,6,8,
994,i5g7jUEcKcpzhW,5,10,0,3,8,
995,Ek57u5RLamh,3,10,0,3,7,
996,FlSwfGG8g3MaXSM8fa,2,12,0,6,13,
997,J4zyNtKcBxKEBjHohgq,5,7,0,5,8,
998,SmxCLssILqu2w21,6,10,0,7,8,
999,bmhNcHSS0gsinc9GQA,6,10,0,2,12,
